0,1,2,3,4,5,6,7,8
Animal,Ape,Cartoon,Membership,Metaverse,Yacht,,,
Cartoon,Collectable,Pixelated,,,,,,
Animal,Ape,Mutant,Membership,Yacht,Metaverse,,,
VirualLand,Parcel,LandAsset,VirtualWorld,Metaverse,,,,
Artwork,Tiles,Abstact,Unique,Collectible,TileDAO,VirtualArt,,
VirtualLand,Gaming,Voxel,Pixelated,,,,,
Cartoon,Collectible,TakashiMurakami,Next-Gen,Futuristic,,,,
Cartoon,Membership,Metaverse,Anime,Collectible,,,,
Cartoon,Collectible,Voxel,Characters,Pixelated,,,,
Cartoon,Collectible,BurntToast,Exclusive,Community,,,,
,,,,,,,,
,,,,,,,,
Cartoon,Animal,Collectible,Cat,,,,,
Cartoon,Animal,Collectible,Cat,Game,Kitties,,,
Cartoon,Women,Community,Collectible,Diversity,Woman,,,
Cartoon,Animal,Ape,Fashion,Multiverse,Digimental,HighFashion,,
Cartoon,Animal,Dog,ShibaInu,Exclusive,,,,
Card,Collectible,Game,Gear,AdventureGear,,,,
Card,Sci-fi,Collectible,Game,CardGame,Cards,TradingCards,,
Cartoon,Pixelated,Voxel,Animal,Ape,Gorilla,Cyber,Animated,Rare
Cartoon,Pixelated,Voxel,Animal,Toad,Frog,Uniswamp,Amphibian,
Animal,Artwork,Drawing,Illustration,GaryVee,GaryVaynerchuk,Characters,HandDrawn,
Sports,FantasyFootball,Athlete,Game,Trading,TradingCards,Soccer,Gaming,FantasySoccer
Animal,Cartoon,Penguin,Exclusive,,,,,
Cartoon,HandDrawn,Characters,SideProfileCharacters,Drawing,IMCMPLX,ON1VERSE,,
Mekas,Anime,Japanese,Gadians,Titans,Exclusive,Mekaverse,,
VirtualLand,Parcel,Metaverse,Minecraft,Game,Multiplayer,Land,Decentralized,
Generative,Animal,Cartoon,Characters,Animated,,,,
Animated,Cartoon,People,Character,MarkusMagnusson,,,,
Animal,Characters,Game,VideoGame,Cartoon,,,,
Animal,Dog,Cartoon,ShibaInu,Doge,,,,
Anime,Sci-fi,Fantasy,Cartoon,HandDrawn,Drawing,Person,PFP,
Cartoon,Animal,Dinosaur,Animated,Pixelated,Voxel,Community,,
VirtualLand,Parcel,Metaverse,Property,Asset,LandTrading,,,
HandDrawn,Sartoshi,StickFigure,Cartoon,Person,,,,
Animal,Cartoon,Pet,Egg,CoolCats,Pets,,,
Animal,Cartoon,CoolmanCoffeedan,DannyCasale,,,,,
PortraitArt,Anime,Girlfriend,Woman,Women,Assassin,,,
Cartoon,Alien,PFP,Metaverse,Community,Exclusive,,,
Cartoon,Avatar,Community,Adventure,Collaboration,,,,
Cartoon,Animal,Avatar,Duck,Exclusive,Community,,,
VirtualLand,Game,Parcel,StrategyGame,LandTrading,$MET,Token,,
Game,Pixelated,MMORPG,VirtualLand,,,,,
Art,FineArt,Unique,Characters,,,,,
Art,Creature,Unique,DannyCole,,,,,
Cartoon,Animal,Bear,Fashion,Exclusive,JayChou,,,
3DAvatar,Animal,Rabbit,Exclusive,Customize,,,,
3DAvatar,Social,Animal,Gorilla,Ape,Voxel,Pixelated,,
Game,Farming,BlockchainGame,FarmVille,GalaToken,,,,
Animal,Ape,HandDrawn,KurtisDawe,PrimusEthereum,Exclusive,Rewards,,
Animal,Cartoon,Lion,Community,,,,,
